scorer,,,Nathan,Nathan,Nathan,Nathan,Nathan,Nathan,Nathan,Nathan,Nathan,Nathan,Nathan,Nathan,Nathan,Nathan,Nathan,Nathan,Nathan,Nathan,Nathan,Nathan
bodyparts,,,Ground,Ground,Endpoint,Endpoint,hMax,hMax,vMax,vMax,Joint1,Joint1,Joint2,Joint2,Joint3,Joint3,Bone1,Bone1,Bone2,Bone2,predEndpoint,predEndpoint
coords,,,x,y,x,y,x,y,x,y,x,y,x,y,x,y,x,y,x,y,x,y
labeled-data,1.5_0,img0020.png,897.37618253218,115.71533973256172,432.0519740658197,164.70672112570293,475.76733137722954,179.5578412391289,799.64697265625,584.9354858398438,836.3451459871573,116.34407967403388,709.4870195930058,112.77681950797228,569.5702514648438,127.49179077148438,779.3267964882751,112.19148434605631,638.961181640625,116.68559265136719,504.3459004921813,139.4817836130049
labeled-data,1.5_0,img0025.png,900.1445922851562,115.05479431152344,440.62445068359375,181.78199768066406,,,798.572265625,587.2538452148438,835.8556939010421,119.82809457831146,705.0291282701035,115.56726026273958,567.7151489257812,137.78286743164062,773.1900634765625,116.51431274414062,639.2879028320312,121.87089538574219,501.11468505859375,154.4799346923828
