scorer,,,Nathan,Nathan,Nathan,Nathan,Nathan,Nathan,Nathan,Nathan,Nathan,Nathan,Nathan,Nathan,Nathan,Nathan,Nathan,Nathan,Nathan,Nathan,Nathan,Nathan
bodyparts,,,Ground,Ground,Endpoint,Endpoint,hMax,hMax,vMax,vMax,Joint1,Joint1,Joint2,Joint2,Joint3,Joint3,Bone1,Bone1,Bone2,Bone2,predEndpoint,predEndpoint
coords,,,x,y,x,y,x,y,x,y,x,y,x,y,x,y,x,y,x,y,x,y
labeled-data,2.5_2,img0130.png,905.6999122198679,135.15703402552572,409.6755065917969,257.06146240234375,,,790.3884887695312,584.5499877929688,834.4527340987679,136.3508774645612,683.4515991210938,140.23443603515625,532.7784423828125,180.59860229492188,768.1793745027821,133.93152537904754,605.629150390625,152.41854858398438,468.2159118652344,216.17306518554688
labeled-data,2.5_2,img2162.png,935.6428833007812,68.60149383544922,801.0769338911098,513.4007704769483,475.9607602218148,167.78460693359375,811.3299560546875,555.7451782226562,862.6559448242188,104.08035278320312,762.3839721679688,228.37303161621094,753.1937787996571,377.4399745309736,803.1555786132812,157.6890106201172,749.3325805664062,309.8062438964844,772.1367524877162,444.29746848270446
